Study,Analyses that were recreated,Number of recreations,Number of simulations that had this result
acheson2015_x,acquisition_ANOVA_group_main_effect;acquisition_ANOVA_group_x_cue_type_interaction;extinction_ANOVA_group_main_effect;extinction_ANOVA_group_x_trial_number_interaction,4,751
acheson2015_x,acquisition_ANOVA_group_main_effect;acquisition_ANOVA_group_x_cue_type_interaction;extinction_ANOVA_group_x_trial_number_interaction,3,101
acheson2015_x,acquisition_ANOVA_group_main_effect;acquisition_ANOVA_group_x_cue_type_interaction;extinction_ANOVA_group_main_effect,3,51
acheson2015_x,acquisition_ANOVA_group_x_cue_type_interaction;extinction_ANOVA_group_main_effect;extinction_ANOVA_group_x_trial_number_interaction,3,44
acheson2015_x,acquisition_ANOVA_group_main_effect;extinction_ANOVA_group_main_effect;extinction_ANOVA_group_x_trial_number_interaction,3,36
acheson2015_x,extinction_ANOVA_group_main_effect;extinction_ANOVA_group_x_trial_number_interaction,2,6
acheson2015_x,acquisition_ANOVA_group_main_effect;acquisition_ANOVA_group_x_cue_type_interaction,2,4
acheson2015_x,acquisition_ANOVA_group_x_cue_type_interaction;extinction_ANOVA_group_x_trial_number_interaction,2,3
acheson2015_x,acquisition_ANOVA_group_main_effect;extinction_ANOVA_group_main_effect,2,1
acheson2015_x,acquisition_ANOVA_group_main_effect;extinction_ANOVA_group_x_trial_number_interaction,2,1
acheson2015_x,acquisition_ANOVA_group_x_cue_type_interaction;extinction_ANOVA_group_main_effect,2,1
acheson2015_x,extinction_ANOVA_group_x_trial_number_interaction,1,1
blechert2007_x,extinction_ANOVA_cue_type_main_effect;extinction_ANOVA_group_x_cue_type_interaction;CS_minus_group_difference,3,426
blechert2007_x,extinction_ANOVA_group_x_cue_type_interaction;CS_minus_group_difference,2,331
blechert2007_x,extinction_ANOVA_cue_type_main_effect;CS_plus_group_difference;CS_minus_group_difference,3,32
blechert2007_x,extinction_ANOVA_group_main_effect;extinction_ANOVA_cue_type_main_effect;CS_plus_group_difference;extinction_ANOVA_group_x_cue_type_interaction;CS_minus_group_difference,5,27
blechert2007_x,extinction_ANOVA_cue_type_main_effect;CS_minus_group_difference,2,26
blechert2007_x,CS_plus_group_difference;CS_minus_group_difference,2,20
blechert2007_x,CS_plus_group_difference;extinction_ANOVA_group_x_cue_type_interaction;CS_minus_group_difference,3,18
blechert2007_x,extinction_ANOVA_group_main_effect;extinction_ANOVA_cue_type_main_effect;CS_plus_group_difference;CS_minus_group_difference,4,18
blechert2007_x,extinction_ANOVA_group_main_effect;CS_plus_group_difference;extinction_ANOVA_group_x_cue_type_interaction;CS_minus_group_difference,4,17
blechert2007_x,extinction_ANOVA_cue_type_main_effect;CS_plus_group_difference;extinction_ANOVA_group_x_cue_type_interaction;CS_minus_group_difference,4,13
blechert2007_x,CS_minus_group_difference,1,12
blechert2007_x,extinction_ANOVA_cue_type_main_effect;extinction_ANOVA_group_x_cue_type_interaction,2,10
blechert2007_x,extinction_ANOVA_group_main_effect;extinction_ANOVA_cue_type_main_effect;extinction_ANOVA_group_x_cue_type_interaction;CS_minus_group_difference,4,9
blechert2007_x,extinction_ANOVA_group_main_effect;extinction_ANOVA_group_x_cue_type_interaction;CS_minus_group_difference,3,9
blechert2007_x,extinction_ANOVA_cue_type_main_effect,1,8
blechert2007_x,,NA,6
blechert2007_x,extinction_ANOVA_group_main_effect;extinction_ANOVA_cue_type_main_effect;extinction_ANOVA_group_x_cue_type_interaction,3,6
blechert2007_x,extinction_ANOVA_group_main_effect;extinction_ANOVA_group_x_cue_type_interaction,2,5
blechert2007_x,extinction_ANOVA_group_x_cue_type_interaction,1,3
blechert2007_x,extinction_ANOVA_group_main_effect;CS_plus_group_difference;CS_minus_group_difference,3,2
blechert2007_x,CS_plus_group_difference,1,1
blechert2007_x,extinction_ANOVA_group_main_effect;extinction_ANOVA_cue_type_main_effect;CS_plus_group_difference;extinction_ANOVA_group_x_cue_type_interaction,4,1
norrholm2011_x,acqustion_ANOVA_group_main_effect;acqustion_ANOVA_group_x_cue_type_interaction,2,653
norrholm2011_x,acqustion_ANOVA_group_main_effect;acqustion_ANOVA_group_x_cue_type_interaction;extinction_ANOVA_group_main_effect,3,169
norrholm2011_x,acqustion_ANOVA_group_main_effect;acqustion_ANOVA_group_x_cue_type_interaction;extinction_ANOVA_group_x_cue_type_interaction,3,58
norrholm2011_x,acqustion_ANOVA_group_main_effect;acqustion_ANOVA_group_x_cue_type_interaction;extinction_ANOVA_group_main_effect;extinction_ANOVA_group_x_cue_type_interaction,4,45
norrholm2011_x,acqustion_ANOVA_group_x_cue_type_interaction,1,30
norrholm2011_x,acqustion_ANOVA_group_main_effect,1,24
norrholm2011_x,acqustion_ANOVA_group_main_effect;extinction_ANOVA_group_main_effect,2,10
norrholm2011_x,acqustion_ANOVA_group_main_effect;extinction_ANOVA_group_x_cue_type_interaction,2,4
norrholm2011_x,acqustion_ANOVA_group_x_cue_type_interaction;extinction_ANOVA_group_main_effect,2,4
norrholm2011_x,acqustion_ANOVA_group_main_effect;extinction_ANOVA_group_main_effect;extinction_ANOVA_group_x_cue_type_interaction,3,2
norrholm2011_x,acqustion_ANOVA_group_x_cue_type_interaction;extinction_ANOVA_group_main_effect;extinction_ANOVA_group_x_cue_type_interaction,3,1
pohlechen2020_x,acquisition_ANOVA_group_main_effect;extinction_ANOVA_group_main_effect;acquisition_ANOVA_group_x_cue_type_interaction;extinction_ANOVA_group_x_cue_type_interaction;recall_ANOVA_group_main_effect;recall_ANOVA_group_x_cue_type_interaction,6,640
pohlechen2020_x,acquisition_ANOVA_group_main_effect;extinction_ANOVA_group_main_effect;acquisition_ANOVA_group_x_cue_type_interaction;extinction_ANOVA_group_x_cue_type_interaction;recall_ANOVA_group_main_effect,5,77
pohlechen2020_x,acquisition_ANOVA_group_main_effect;extinction_ANOVA_group_main_effect;acquisition_ANOVA_group_x_cue_type_interaction;extinction_ANOVA_group_x_cue_type_interaction;recall_ANOVA_group_x_cue_type_interaction,5,73
pohlechen2020_x,acquisition_ANOVA_group_main_effect;extinction_ANOVA_group_main_effect;acquisition_ANOVA_group_x_cue_type_interaction;recall_ANOVA_group_main_effect;recall_ANOVA_group_x_cue_type_interaction,5,41
pohlechen2020_x,extinction_ANOVA_group_main_effect;acquisition_ANOVA_group_x_cue_type_interaction;extinction_ANOVA_group_x_cue_type_interaction;recall_ANOVA_group_main_effect;recall_ANOVA_group_x_cue_type_interaction,5,39
pohlechen2020_x,acquisition_ANOVA_group_main_effect;extinction_ANOVA_group_main_effect;extinction_ANOVA_group_x_cue_type_interaction;recall_ANOVA_group_main_effect;recall_ANOVA_group_x_cue_type_interaction,5,35
pohlechen2020_x,acquisition_ANOVA_group_main_effect;acquisition_ANOVA_group_x_cue_type_interaction;extinction_ANOVA_group_x_cue_type_interaction;recall_ANOVA_group_main_effect;recall_ANOVA_group_x_cue_type_interaction,5,30
pohlechen2020_x,acquisition_ANOVA_group_main_effect;extinction_ANOVA_group_main_effect;acquisition_ANOVA_group_x_cue_type_interaction;extinction_ANOVA_group_x_cue_type_interaction,4,19
pohlechen2020_x,extinction_ANOVA_group_main_effect;acquisition_ANOVA_group_x_cue_type_interaction;extinction_ANOVA_group_x_cue_type_interaction;recall_ANOVA_group_main_effect,4,7
pohlechen2020_x,acquisition_ANOVA_group_main_effect;extinction_ANOVA_group_main_effect;extinction_ANOVA_group_x_cue_type_interaction;recall_ANOVA_group_x_cue_type_interaction,4,6
pohlechen2020_x,acquisition_ANOVA_group_main_effect;extinction_ANOVA_group_main_effect;acquisition_ANOVA_group_x_cue_type_interaction;recall_ANOVA_group_x_cue_type_interaction,4,4
pohlechen2020_x,acquisition_ANOVA_group_main_effect;acquisition_ANOVA_group_x_cue_type_interaction;extinction_ANOVA_group_x_cue_type_interaction;recall_ANOVA_group_main_effect,4,3
pohlechen2020_x,acquisition_ANOVA_group_main_effect;acquisition_ANOVA_group_x_cue_type_interaction;extinction_ANOVA_group_x_cue_type_interaction;recall_ANOVA_group_x_cue_type_interaction,4,3
pohlechen2020_x,acquisition_ANOVA_group_main_effect;extinction_ANOVA_group_x_cue_type_interaction;recall_ANOVA_group_main_effect;recall_ANOVA_group_x_cue_type_interaction,4,3
pohlechen2020_x,acquisition_ANOVA_group_x_cue_type_interaction;extinction_ANOVA_group_x_cue_type_interaction;recall_ANOVA_group_main_effect;recall_ANOVA_group_x_cue_type_interaction,4,3
pohlechen2020_x,acquisition_ANOVA_group_main_effect;extinction_ANOVA_group_main_effect;acquisition_ANOVA_group_x_cue_type_interaction;recall_ANOVA_group_main_effect,4,2
pohlechen2020_x,acquisition_ANOVA_group_main_effect;extinction_ANOVA_group_main_effect;extinction_ANOVA_group_x_cue_type_interaction;recall_ANOVA_group_main_effect,4,2
pohlechen2020_x,extinction_ANOVA_group_main_effect;acquisition_ANOVA_group_x_cue_type_interaction;extinction_ANOVA_group_x_cue_type_interaction;recall_ANOVA_group_x_cue_type_interaction,4,2
pohlechen2020_x,extinction_ANOVA_group_main_effect;extinction_ANOVA_group_x_cue_type_interaction;recall_ANOVA_group_main_effect;recall_ANOVA_group_x_cue_type_interaction,4,2
pohlechen2020_x,acquisition_ANOVA_group_main_effect;acquisition_ANOVA_group_x_cue_type_interaction;recall_ANOVA_group_main_effect;recall_ANOVA_group_x_cue_type_interaction,4,1
pohlechen2020_x,acquisition_ANOVA_group_main_effect;extinction_ANOVA_group_main_effect;extinction_ANOVA_group_x_cue_type_interaction,3,1
pohlechen2020_x,acquisition_ANOVA_group_main_effect;extinction_ANOVA_group_main_effect;recall_ANOVA_group_main_effect,3,1
pohlechen2020_x,acquisition_ANOVA_group_main_effect;extinction_ANOVA_group_main_effect;recall_ANOVA_group_main_effect;recall_ANOVA_group_x_cue_type_interaction,4,1
pohlechen2020_x,acquisition_ANOVA_group_main_effect;extinction_ANOVA_group_x_cue_type_interaction;recall_ANOVA_group_main_effect,3,1
pohlechen2020_x,extinction_ANOVA_group_main_effect;acquisition_ANOVA_group_x_cue_type_interaction;recall_ANOVA_group_main_effect;recall_ANOVA_group_x_cue_type_interaction,4,1
pohlechen2020_x,extinction_ANOVA_group_main_effect;acquisition_ANOVA_group_x_cue_type_interaction;recall_ANOVA_group_x_cue_type_interaction,3,1
pohlechen2020_x,extinction_ANOVA_group_main_effect;extinction_ANOVA_group_x_cue_type_interaction;recall_ANOVA_group_main_effect,3,1
pohlechen2020_x,extinction_ANOVA_group_main_effect;extinction_ANOVA_group_x_cue_type_interaction;recall_ANOVA_group_x_cue_type_interaction,3,1
wicking2016_x,acquistion_ANOVA_group_x_cue_type_interaction;extinction_ANOVA_group_x_cue_type_interaction;recall_ANOVA_group_x_cue_type_interaction;control_t_test_between_stimuli_in_recall,4,782
wicking2016_x,acquistion_ANOVA_group_x_cue_type_interaction;extinction_ANOVA_group_x_cue_type_interaction;recall_ANOVA_group_x_cue_type_interaction;PTSD_t_test_between_stimuli_in_recall;control_t_test_between_stimuli_in_recall,5,43
wicking2016_x,extinction_ANOVA_group_x_cue_type_interaction;recall_ANOVA_group_x_cue_type_interaction;control_t_test_between_stimuli_in_recall,3,38
wicking2016_x,acquistion_ANOVA_group_x_cue_type_interaction;extinction_ANOVA_group_x_cue_type_interaction;recall_ANOVA_group_x_cue_type_interaction,3,37
wicking2016_x,acquistion_ANOVA_group_x_cue_type_interaction;recall_ANOVA_group_x_cue_type_interaction;control_t_test_between_stimuli_in_recall,3,37
wicking2016_x,acquistion_ANOVA_group_x_cue_type_interaction;extinction_ANOVA_group_x_cue_type_interaction;control_t_test_between_stimuli_in_recall,3,20
wicking2016_x,acquistion_ANOVA_group_x_cue_type_interaction;extinction_ANOVA_group_x_cue_type_interaction,2,13
wicking2016_x,acquistion_ANOVA_group_x_cue_type_interaction;extinction_ANOVA_group_x_cue_type_interaction;PTSD_t_test_between_stimuli_in_recall;control_t_test_between_stimuli_in_recall,4,7
wicking2016_x,recall_ANOVA_group_x_cue_type_interaction;control_t_test_between_stimuli_in_recall,2,5
wicking2016_x,acquistion_ANOVA_group_x_cue_type_interaction;extinction_ANOVA_group_x_cue_type_interaction;recall_ANOVA_group_x_cue_type_interaction;PTSD_t_test_between_stimuli_in_recall,4,4
wicking2016_x,acquistion_ANOVA_group_x_cue_type_interaction;control_t_test_between_stimuli_in_recall,2,2
wicking2016_x,acquistion_ANOVA_group_x_cue_type_interaction;PTSD_t_test_between_stimuli_in_recall;control_t_test_between_stimuli_in_recall,3,2
wicking2016_x,acquistion_ANOVA_group_x_cue_type_interaction;recall_ANOVA_group_x_cue_type_interaction;PTSD_t_test_between_stimuli_in_recall;control_t_test_between_stimuli_in_recall,4,2
wicking2016_x,extinction_ANOVA_group_x_cue_type_interaction;recall_ANOVA_group_x_cue_type_interaction,2,2
wicking2016_x,recall_ANOVA_group_x_cue_type_interaction;PTSD_t_test_between_stimuli_in_recall;control_t_test_between_stimuli_in_recall,3,2
wicking2016_x,acquistion_ANOVA_group_x_cue_type_interaction;recall_ANOVA_group_x_cue_type_interaction,2,1
wicking2016_x,extinction_ANOVA_group_x_cue_type_interaction;control_t_test_between_stimuli_in_recall,2,1
wicking2016_x,extinction_ANOVA_group_x_cue_type_interaction;recall_ANOVA_group_x_cue_type_interaction;PTSD_t_test_between_stimuli_in_recall;control_t_test_between_stimuli_in_recall,4,1
wicking2016_x,recall_ANOVA_group_x_cue_type_interaction;PTSD_t_test_between_stimuli_in_recall,2,1
zuj2017_x,early_extinction_cue_type_x_trial_number_interaction;late_extinction_cue_type_main_effect;early_extinction_group_x_cue_type_interaction;late_extinction_group_x_cue_type_interaction,4,407
zuj2017_x,early_extinction_cue_type_x_trial_number_interaction;late_extinction_cue_type_main_effect;late_extinction_trial_number_main_effect;early_extinction_group_x_cue_type_interaction;late_extinction_group_x_cue_type_interaction,5,176
zuj2017_x,early_extinction_cue_type_x_trial_number_interaction;early_extinction_group_x_cue_type_interaction;late_extinction_group_x_cue_type_interaction,3,167
zuj2017_x,early_extinction_cue_type_x_trial_number_interaction;late_extinction_trial_number_main_effect;early_extinction_group_x_cue_type_interaction;late_extinction_group_x_cue_type_interaction,4,56
zuj2017_x,early_extinction_cue_type_x_trial_number_interaction;late_extinction_cue_type_main_effect;late_extinction_group_x_cue_type_interaction,3,36
zuj2017_x,early_extinction_cue_type_x_trial_number_interaction;late_extinction_cue_type_main_effect;early_extinction_group_x_cue_type_interaction,3,30
zuj2017_x,early_extinction_cue_type_x_trial_number_interaction;late_extinction_group_main_effect;late_extinction_cue_type_main_effect;early_extinction_group_x_cue_type_interaction;late_extinction_group_x_cue_type_interaction,5,28
zuj2017_x,early_extinction_cue_type_x_trial_number_interaction;late_extinction_group_x_cue_type_interaction,2,20
zuj2017_x,early_extinction_cue_type_x_trial_number_interaction;late_extinction_cue_type_main_effect;late_extinction_trial_number_main_effect;early_extinction_group_x_cue_type_interaction,4,15
zuj2017_x,early_extinction_cue_type_x_trial_number_interaction;late_extinction_cue_type_main_effect;late_extinction_trial_number_main_effect;late_extinction_group_x_cue_type_interaction,4,15
zuj2017_x,early_extinction_cue_type_x_trial_number_interaction;early_extinction_group_x_cue_type_interaction,2,14
zuj2017_x,early_extinction_cue_type_x_trial_number_interaction;late_extinction_trial_number_main_effect;late_extinction_group_x_cue_type_interaction,3,10
zuj2017_x,early_extinction_cue_type_x_trial_number_interaction;late_extinction_group_main_effect;early_extinction_group_x_cue_type_interaction;late_extinction_group_x_cue_type_interaction,4,6
zuj2017_x,early_extinction_cue_type_x_trial_number_interaction;late_extinction_group_main_effect;late_extinction_cue_type_main_effect;late_extinction_trial_number_main_effect;early_extinction_group_x_cue_type_interaction;late_extinction_group_x_cue_type_interaction,6,6
zuj2017_x,early_extinction_cue_type_x_trial_number_interaction;late_extinction_group_main_effect;late_extinction_cue_type_main_effect;late_extinction_group_x_cue_type_interaction,4,5
zuj2017_x,early_extinction_cue_type_x_trial_number_interaction;late_extinction_cue_type_main_effect,2,2
zuj2017_x,early_extinction_cue_type_x_trial_number_interaction;late_extinction_cue_type_main_effect;late_extinction_trial_number_main_effect,3,2
zuj2017_x,early_extinction_cue_type_x_trial_number_interaction;late_extinction_group_main_effect;late_extinction_trial_number_main_effect;early_extinction_group_x_cue_type_interaction;late_extinction_group_x_cue_type_interaction,5,2
zuj2017_x,early_extinction_cue_type_x_trial_number_interaction;late_extinction_group_main_effect;late_extinction_cue_type_main_effect;late_extinction_trial_number_main_effect;early_extinction_group_x_cue_type_interaction,5,1
zuj2017_x,early_extinction_cue_type_x_trial_number_interaction;late_extinction_group_main_effect;late_extinction_cue_type_main_effect;late_extinction_trial_number_main_effect;late_extinction_group_x_cue_type_interaction,5,1
zuj2017_x,early_extinction_cue_type_x_trial_number_interaction;late_extinction_group_main_effect;late_extinction_trial_number_main_effect;early_extinction_group_x_cue_type_interaction,4,1
